retriever,generation_score,retrieval_score,generation_rank,retrieval_rank,rank_change
Ensemble,0.9586171924466229,0.797579848651659,1.0,1.0,0.0
Naive Retrieval,0.9541604808700347,0.7425146993263207,2.0,6.0,4.0
Multi-Query,0.9534444412964942,0.7379520702736043,3.0,7.0,4.0
Parent Document,0.9466748629644129,0.74538194429419,4.0,5.0,1.0
BM25,0.9464174139458593,0.7869617317034105,5.0,3.0,-2.0
Contextual Compression,0.9448780270317575,0.7971081186581783,6.0,2.0,-4.0
Semantic Chunking,0.9098860364992535,0.7753515917993763,7.0,4.0,-3.0
Parent-Child Advanced,0.8637778007016528,0.4348973715774251,8.0,8.0,0.0
